,Tag,Sha
0,v7.9.0,a479a2a7fce0389512d6a9361301708b92dff667
1,v7.8.1,b5ca9c58fb664ca8bf9e4057fc229b3396bf3a89
2,v7.8.0,757314695644ea9a1dc2fecd26d1a43856725e65
3,v7.7.1,ad56dce891c901a492bb1ee393f12dfff473a423
4,v7.7.0,81a1e9eda8e6183f5237786246f6dced26a10eaf
5,v7.6.2,ef48eb35cf30adf4db14086e8aabd07ef6fb113f
6,v7.6.1,aa751e09be0a5072e8570670309b1f12348f023b
7,v7.6.0,7f634e9f44834fbc12724506cc1da681b0c3b1e3
8,v7.5.2,8bec50e1e0ad29dad5653712cf3bb580cd1afcdf
9,v7.5.1,3ae9ac9a93c95bd0cdc054951cf95d88e1e18d96
10,v7.5.0,e9ccaed468e2fac2275a3761849cbee64b39519f
11,v7.4.2,2f90bbf7b93631e52bafb59b3b049cb44ec25e96
12,v7.4.1,fc0eeb6e2c25915d63d871d344e3d0b45ea0ea1e
13,v7.4.0,22e1767283e61a198cb4db791ea66e3f11ab9910
14,v7.3.2,1c1faf179b40cccb785fb00bf32b2a91176d6c85
15,v7.3.1,4749ba64e73e5f6cee665ac89b38837b17a28e7b
16,v7.3.0,de777fa3ccb919c60893df25eba0f37c1586804d
17,v7.2.1,fe6cb20130087b7dcdeb3f1b97724a73a8581176
18,v7.2.0,508c38a450a48279bd160c6b8fb2d6703eaf1105
19,v7.1.1,7a013ded4033c6cc60ad2078f3e1f18666bec47a
20,v7.1.0,606a17333c986d191ae9ace3781028668ec24fed
21,v7.0.1,e4efcb53ec7a1f2138494c837def7c5a2aff0751
22,v7.0.0,b7e28a7232616c7a21bc879a535d801b8553ba77
23,v7.0.0-rc2,f076a79831c97c82249851f209aff6fa24a97a4d
24,v7.0.0-rc1,486505d65bdbd2a324242b64783ad87605b2d693
25,v7.0.0-beta1,15bb494041370cf0f6b4414e37be6fb7a30a06cd
26,v7.0.0-alpha2,a30e8c2fa3a8ee381c4fa6eae550681fee764cf5
27,v7.0.0-alpha1,76cefb06e31967c6db2bdb827871e8d40741473a
28,v6.8.12,7a15d2a169913a2d6116dcc081bc592fbf8d9b1c
29,v6.8.11,00bf38630844371b78c586bc32e9373e9abc8890
30,v6.8.10,537cb22e7ffb62ee541e1af1881d18e3a78e6133
31,v6.8.9,be2c7bf0f8427387e84c68ad8d2d9abbc60a64da
32,v6.8.8,2f4c2240ecfc520baef4353a726f13fc59c12066
33,v6.8.7,c63e621eaba638f77ebb10e03f7637688eb0a726
34,v6.8.6,3d9f765bcad28244dc4c8eb8e8b7ba97ba5408f1
35,v6.8.5,78990e93431aebcc3dcd7fa20fab4b5b29ab7988
36,v6.8.4,bca0c8d6a8e62c36e3f9e7673017393dcef557b6
37,v6.8.3,0c48c0e73be564f3a8a286b2165d50de2fbbb661
38,v6.8.2,b506955f8d442c5c1659fd3840d8db14b3f969d1
39,v6.8.1,1fad4e151bb040475a9f3915f3d0e369013ab057
40,v6.8.0,65b617983001fae217e1d00d9d2361d70d496075
41,v6.7.2,56c6e4869ac8c10a89de1f31252f90fc3002a030
42,v6.7.1,2f3222067e653228da62d38af51f640e41eaee86
43,v6.7.0,8453f7701de25c467ce08088ddddac185cb8028c
44,v6.6.2,3bd3e59556628bb84c8d53b09b10c9ac8255e251
45,v6.6.1,1fd8f691bf2e467057b864eea9103a6e3345af3e
46,v6.6.0,a9861f45c9857d45a4e452b954a6b08989c37d2c
47,v6.5.4,d2ef93dff175ba22406054bf78137679a0e7990c
48,v6.5.3,159a78ab02ef2000136096c4dfee3eb5882306bb
49,v6.5.2,9434bed88f889c7a0b42ad64355a2979fefe08af
50,v6.5.1,8c58350faa7a6d93d107e35e0a3e7b6beee090ec
51,v6.5.0,816e6f6a08be821d8ec01b51bf383544d1e341b0
52,v6.4.3,fe40335c1e4fa7db9e38001fa99d19526f3bc5ce
53,v6.4.2,04711c21227efda954d15c23857ad04b9f669076
54,v6.4.1,e36acdb78ec6499be861ae1b2dac264cce2f8b10
55,v6.4.0,595516e45d054483dcdaf12f0468a59cb34bb568
56,v6.3.2,053779d202567ea34577525eb622236c08da68cb
57,v6.3.1,eb782d0ce5f97e14309637674ec60d35ec991049
58,v6.3.0,424e937a209c06d6717989ef5a10ea557049c7f1
59,v6.2.4,ccec39f080c7c5d352378b73c507c1c334e6e27d
60,v6.2.3,c59ff00e227107e88d289dfefc67fe530324c67a
61,v6.2.2,10b1eddafbeefe4e71c5f0d16241b00c8c00dc2b
62,v6.2.1,7299dc32f4f99e0b75abfa5052e965f5b26f2808
63,v6.2.0,37cdac16ade656943c6518357df8464f686cb814
64,v6.1.4,d838f2d7ce69a723e3e13d3aed146add28811e78
65,v6.1.3,af51318f6aea4506cff85dcff4cb99c86212f84c
66,v6.1.2,5b1fea58947fad5b19398a12c50b49fbeebfb722
67,v6.1.1,bd92e7fa5e5fdc625249707ecf371781b157d668
68,v6.1.0,c0c1ba0c583e59d82fa980dc41f801ac2637fd47
69,v6.0.1,601be4afc4293b7b65327267bf6b91dde64bfc3e
70,v6.0.0,8f0685b924b9159807704ec2593b26e28105da44
71,v6.0.0-rc2,119515d4728223bae258aea77fae8ac40369b9b4
72,v6.0.0-rc1,b9c0df26543ceb25ca19519069d3197f126536fb
73,v6.0.0-beta2,23ffa4fdc2e2a6653171ba7c0fa96ff06bc8ca2c
74,v6.0.0-beta1,896afa4414e42b84408ecbca6ad66a43f65a13ae
75,v6.0.0-alpha2,0424099674571fac2ff26188bb6b9d2860be605a
76,v6.0.0-alpha1,017411929664bba1d01ee5420d4316939b7c5509
77,v5.6.16,59bb0dc17971b8e8d1376fc28f26aaf28acc164e
78,v5.6.15,fe7575a32e23e15e0a77677dc1a180206554228b
79,v5.6.14,f310fe981788040a9cbbc2366c369afb0b48727e
80,v5.6.13,4d5320bd33d4392a48dda37c4602dbe1b6a5b6cb
81,v5.6.12,cfe3d9f611a328cfffc18b445b3aecb016349514
82,v5.6.11,29fc4a2b4bdf4d27088bd0add1faa328c9b6ee18
83,v5.6.10,b727a60574959caa83d7767b8d7cfe1c20288cd7
84,v5.6.9,877a5900c4abea519e4795cf46cf6231b92a2d17
85,v5.6.8,688ecce2a28eb6e1e1a357c538200e375c536471
86,v5.6.7,4669214b95fce6182f4a3623bf73e2495008cfc1
87,v5.6.6,7d99d36f85ca43df870923004a04267b74e32498
88,v5.6.5,6a3757194556139af48f472b1a08985a77b73b80
89,v5.6.4,8bbedf5fe55fa22888e107898e5c16ca7f82c636
90,v5.6.3,1a2f2657be59b98ba20133ea3e8b66eb72c076b0
91,v5.6.2,57e20f3c86c8af747761149eb7eefbf7caea4b9a
92,v5.6.1,667b4976e31f646de58794d03306ab8bfd4f743b
93,v5.6.0,781a83507f0598b36512cba088ffeefa73b4bbe6
94,v5.5.3,9305a5e8d8f0b3bbab3872cf2f0aee45d72a8aea
95,v5.5.2,b2f0c096c18393e016cb0ad89fcb9db6bdcd5907
96,v5.5.1,19c13d032a6a6b89ab6e5440cf1b3b07b948afbe
97,v5.5.0,260387d2e4c0422c00adb04d160690ed1da05209
98,v5.4.3,eed30a8e9bb74322a9c8dd73d5896f70829d43e2
99,v5.4.2,929b078898b27e05476cc6212bc0b96d3eb8b7b1
100,v5.4.1,2cfe0dfa0304be2f9b6fc4508ddeb08e42d15678
101,v5.4.0,780f8c429c5b945035c887ec93a64579cc1d0f20
102,v5.3.3,65e26e66dadbb02b96c0033835ee822b4569c651
103,v5.3.2,30681957d1234e849701b76d37c08c374252abe0
104,v5.3.1,5f9cf58c67cb067ef3565862d18d2f6ad05a9a2f
105,v5.3.0,3adb13b1f49935973b974a2517caa0d4d59bf4d0
106,v5.2.2,f9d9b74f0fb6d9be39d27f658479556230ecd8c1
107,v5.2.1,db0d481864d5eb1aa9756736e118fddb69725168
108,v5.2.0,24e05b955cc926de349ad43b3db7504b0f9f1ed2
109,v5.1.2,c8c4c16c38f7262a27ad3beb509c2ae1b15d156a
110,v5.1.1,5395e21a627bfe3ab8f037f49e68a9060bc967dd
111,v5.0.2,f6b49518e4054d4787474dfbbbfe882f05696eee
112,v5.0.1,080bb4748b0c6484538c1deb76a77d7f3edbbeca
113,v5.0.0,253032b4a7818992af360097e3ddc1475fa7b044
114,v5.0.0-rc1,13e62e1813a3ab51594a9a70afaba9fdd5c487a8
115,v5.0.0-beta1,7eb6260131aeabf25ff8301b2e3b9ada6297e692
116,v5.0.0-alpha5,d327dd46b179e3ab909a7a1c4b481070d97bcdf8
117,v5.0.0-alpha4,3f5b9943fd39c99d9fcfa130e92cb3883253a527
118,v5.0.0-alpha3,cad959b9804c0161b7304f6498b5040bac92a0a4
119,v5.0.0-alpha2,e3126dfac03a63e3e90dda09b2c7f9a098682287
120,v5.0.0-alpha1,7d4ed5b19ebc25d608d70babab0fb08f0c9ea122
121,v2.4.6,5376dca9f70f3abef96a77f4bb22720ace8240fd
122,v2.4.5,c849dd13904f53e63e88efc33b2ceeda0b6a1276
123,v2.4.4,fcbb46dfd45562a9cf00c604b30849a6dec6b017
124,v2.4.3,d38a34e7b75af4e17ead16f156feffa432b22be3
125,v2.4.2,161c65a337d4b422ac0c805f284565cf2014bb84
126,v2.4.1,c67dc32e24162035d18d6fe1e952c4cbcbe79d16
127,v2.4.0,ce9f0c7394dee074091dd1bc4e9469251181fc55
128,v2.3.5,90f439ff60a3c0f497f91663701e64ccd01edbb4
129,v2.3.4,e455fd0c13dceca8dbbdbb1665d068ae55dabe3f
130,v2.3.3,218bdf10790eef486ff2c41a3df5cfa32dadcfde
131,v2.3.2,b9e4a6acad4008027e4038f6abed7f7dba346f94
132,v2.3.1,bd980929010aef404e7cb0843e61d0665269fc39
133,v2.3.0,8371be8d5fe5df7fb9c0516c474d77b9feddd888
134,v2.2.2,fcc01dd81f4de6b2852888450ce5a56436fd5852
135,v2.2.1,d045fc29d1932bce18b2e65ab8b297fbf6cd41a1
136,v2.2.0,8ff36d139e16f8720f2947ef62c8167a888992fe
137,v2.1.2,63c285e4741baf609e963cb9d463ad1a47e1a179
138,v2.1.1,40e2c53a6b6c2972b3d13846e450e66f4375bd71
139,v2.1.0,72cd1f1a3eee09505e036106146dc1949dc5dc87
140,v2.0.2,6abf5d8e5b37c2735d8e2f110f9743c453f71e92
141,v2.0.1,1ebe2f1ab149d45b08d5336b12eb14eb8a3814af
142,v2.0.0,de54438d6af8f9340d50c5c786151783ce7d6be5
143,v2.0.0-rc1,4757962b01a4d837af282f90df9e1fbdb68b524e
144,v2.0.0-beta2,91726c3f7cf57336f2f304a5cdc738db3b817234
145,v2.0.0-beta1,bfa3e47383d0adc690329a2fa1094ceb64cae651
146,v1.7.6,c730b59357f8ebc555286794dcd90b3411f517c9
147,v1.7.5,00f95f4ffca6de89d68b7ccaf80d148f1f70e4d4
148,v1.7.4,0d3159b9fc8bc8e367c5c40c09c2a57c0032b32e
149,v1.7.3,05d4530971ef0ea46d0f4fa6ee64dbc8df659682
150,v1.7.2,e43676b1385b8125d647f593f7202acbd816e8ec
151,v1.7.1,b88f43fc40b0bcd7f173a1f9ee2e97816de80b19
152,v1.7.0,929b9739cae115e73c346cb5f9a6f24ba735a743
153,v1.6.2,622039121e53e5f520b5ff8720fdbd3d0cb5326b
154,v1.6.1,e72f2849e1c52f2a7b87196b36e687f851a30a6a
155,v1.6.0,cdd3ac4dde4f69524ec0a14de3828cb95bbb86d0
156,v1.5.2,62ff9868b4c8a0c45860bebb259e21980778ab1c
157,v1.5.1,5e38401bc4e4388537a615569ac60925788e1cf4
158,v1.5.0,544816042d40151d3ce4ba4f95399d7860dc2e92
159,v1.4.5,2aaf797f2a571dcb779a3b61180afe8390ab61f9
160,v1.4.4,c88f77ffc81301dfa9dfd81ca2232f09588bd512
161,v1.4.3,36a29a7144cfde87a960ba039091d40856fcb9af
162,v1.4.2,927caff6f05403e936c20bf4529f144f0c89fd8c
163,v1.4.1,89d3241d670db65f994242c8e8383b169779e2d4
164,v1.4.0,bc94bd81298f81c656893ab1ddddd30a99356066
165,v1.4.0.Beta1,1f25669f3299b0680b266c3acaece43774fb59ae
166,v1.3.9,0915c7306e6264ba21a6cb7609b93545ccc32ef1
167,v1.3.8,475733ee0837fba18c00c3ee76cd49a08755550c
168,v1.3.7,3042293e4b219dfb855a4e6c64241c530d1abeb0
169,v1.3.6,9cb3c70cee9758309330e49ad5e63e4313e3fcab
170,v1.3.5,4a50e7df768fddd572f48830ae9c35e4ded86ac1
171,v1.3.4,a70f3ccb52200f8f2c87e9c370c6597448eb3e45
172,v1.3.3,ddf796dad5ef2e4910791c294f29aca137993ee1
173,v1.3.2,dee175dbe2f254f3f26992f5d7591939aaefd12f
174,v1.3.1,2de6dc5268c32fb49b205233c138d93aaf772015
175,v1.3.0,1265b1454eee7725a6918f57415c480028700fb4
176,v1.2.4,11689ab5f166203d21f1a3c566fe8e96b1d4cd75
177,v1.2.3,4596e81285d3c1a1609c8382b1e804115ef610fb
178,v1.2.2,9902f08efc3ad14ce27882b991c4c56b920c9872
179,v1.2.1,6c95b759f9e7ef0f8e17f77d850da43ce8a4b364
180,v1.2.0,c82387f290c21505f781c695f365d0ef4098b272
181,v1.1.2,e511f7b28b77c4d99175905fac65bffbf4c80cf7
182,v1.1.1,f1585f096d3f3985e73456debdc1a0745f512bbc
183,v1.1.0,2181e113dea80b4a9e31e58e9686658a2d46e363
184,v1.0.3,61bfb72d845a59a58cd9910e47515665f6478a5c
185,v1.0.2,4fc0da7f4473021f274d4bc8e1f9e90fd3b4f55a
186,v1.0.1,5c03844e1978e5cc924dab2a423dc63ce881c42b
187,v1.0.0,a46900e9c72c0a623d71b54016357d5f94c8ea32
188,v1.0.0.RC2,a9d736e0e77ffd046a10500c779d574c6960f704
189,v1.0.0.RC1,c6155c5142f7995e054f9f3b7d82f923dd3620bc
190,v1.0.0.Beta2,296cfbe390dc51bb00c00ba48ad0c8a9efabcfe9
191,v1.0.0.Beta1,77bc5d5ecf9ecdf81a16f51ef4fcdff96b01698e
192,v0.90.13,249c9c5e06765c9e929e92b1d235e1ba4dc679fa
193,v0.90.12,26feed79983063ae83bfa11bd4ce214b1f45c884
194,v0.90.11,11da1bacf39cec400fd97581668acb2c5450516c
195,v0.90.10,0a5781f44876e8d1c30b6360628d59cb2a7a2bbb
196,v0.90.9,a968646da4b6a2d9d8bca9e51e92597fe64e8d1a
197,v0.90.8,909b037218cf880e8772b066a764f179f2d5e719
198,v0.90.7,36897d07dadcb70886db7f149e645ed3d44eb5f2
199,v0.90.6,e2a24efdde0cb7cc1b2071ffbbd1fd874a6d8d6b
200,v0.90.5,c8714e8e0620b62638f660f6144831792b9dedee
201,v0.90.4,8cb1a9b3277da34f740c25eb74adc42942ec8bd9
202,v0.90.3,5c38d6076448b899d758f29443329571e2522410
203,v0.90.2,0531b06d70722ca73bda28dfd956b9a8ced835c1
204,v0.90.1,d24a96f07fbe9e27a3f22f8feca89cc5d0bd1f05
205,v0.90.0,cb75ce0caa65af294167ae0d1514deec7815431b
206,v0.90.0.RC2,3a8cba4d50f235e1663ab51aab0bba7c729eb712
207,v0.90.0.RC1,a2f14b68e8842c6b2a8106d2e4bef3507e29d766
208,v0.90.0.Beta1,ab3a59e0bf35e94806b207e424282dd144fdb833
209,v0.20.6,32b35926f340402c74a216b9140c4906e3398f07
210,v0.20.5,20f7c717a61bc39b524c2f29f77942123891b430
211,v0.20.4,1c1cf2954309620b4c31ca09396fda21151775e0
212,v0.20.3,b7ef19d730360d3581a8f1eaa9f8212752387d48
213,v0.20.2,80198c1936bee5e064b5b41ac9844aee4dbb96fd
214,v0.20.1,4f9694a8733df5b2c98b18fc6c1653ea1e03a6df
215,v0.20.0,9c0ae8b3bab310d20f71acf7d295709ab7f492d4
216,v0.20.0.RC1,fe980343be09df44c8a44872f9b1ca600ed8d15c
217,v0.19.12,67c15d70d88faa65de43f2836b3abfa782dad4cd
218,v0.19.11,3a911be0eb5b9a626d3ebccacd18f7181cb84110
219,v0.19.10,28c57c0f5e567875e8794b421241e630e080a6d9
220,v0.19.9,d52614beff8d471d9425a6506d26ad7c6a3eea88
221,v0.19.8,7badcdee74acec84da3de6c6ea55c692aee4a6f9
222,v0.19.7,b4514bdbbd0e6cd5931791ee36ef5266302d56ae
223,v0.19.6,c25df8a8d3cfa8891642805b8dcc3608e1737aaf
224,v0.19.5,40e88b1e9d5f822129196915ca9f2df6149164c1
225,v0.19.4,e63c19ad51a437c70eb5085d0295f6c730ddc7bb
226,v0.19.3,078c8daaaaab3bf4491c92c5a5e6495fd344708a
227,v0.19.2,0d23b963da1b2db0e993f797e6116b7ef146a8b7
228,v0.19.1,d0b33b1700c40eced708f686ac67fe8241f6bcad
229,v0.19.0,b8d583a06e7d4511bc61ce7808fb7959033dd33f
230,v0.19.0.RC3,aeaed0a1b00b75001827c1d17aa7510e1f15280b
231,v0.19.0.RC2,f5676780aea4d15e01cb1c131882aca86038a4cc
232,v0.19.0.RC1,b160ddbb2ce7c2a6c7a3c3ec61a81d84530c2b34
233,v0.18.7,552cbf5dd58a0dc3ec49ab3da1f33adee8fcf945
234,v0.18.6,19e5f1cbdb15805e18987fe910c00f3955c69045
235,v0.18.5,3cd9fcddefae019c00b004ea0db60cb3c6914a50
236,v0.18.4,30a3d19ab7a8aabb4beb9a7532b2f951da6dfa71
237,v0.18.3,52fc93ba079c0d0b44d0bf97b7bab51149388e9e
238,v0.18.2,864d95d1543fb712e2b1b3a11be5a5c935b93624
239,v0.18.1,d197f2273c6c2bf6110928844010a9ae92b1a3ab
240,v0.18.0,3544b073309154e524d51faa0df5494a7d223424
241,v0.17.10,a676dd8e0f01dcc427e28df64e3066319270d077
242,v0.17.9,e263aff970b00009e0439af941e7a0e669256f50
243,v0.17.8,32b128d2471e9851b7d1d00729839ff5d0009e0d
244,v0.17.7,b9ef88979127b2f22ac9c62fb4e0f2ee0004116f
245,v0.17.6,056e70af4ab267c27c7493de010bebc26ed31193
246,v0.17.5,ba4286fa94bda08d264286198f8a8203fac1f2f4
247,v0.17.4,6d5d330548f66c1ba6d2913737ba93c5d5a39de9
248,v0.17.3,18f2cf0ab21d94b43ca72df591246b2fa2bac012
249,v0.17.2,666f6ce7ed52e370c11068e37eb373f2883583a0
250,v0.17.1,a025dcfe3693d2d7b5e879a25adeec5420d7461d
251,v0.17.0,eacdacb410f59c44808e7d32b5b28d7230dd16ed
252,v0.16.5,17dddaf4ad92e064f068af56ece7165fe22ebd10
253,v0.16.4,d78b24b66d69eebf539efd11c0720ce68927ec51
254,v0.16.3,2d2c73197d102809eea08fb42075406690d3ccc4
255,v0.16.2,eda35792e23147f64e62f085556de532a8728fa4
256,v0.16.1,68b43f5c031878c431559cc23b1bb901018afbfc
257,v0.16.0,0ebd6db7b95f5184252a07e255f791609ce2fec9
258,v0.15.2,f016f6b75dbee953d05a2874436ecf5a176ec53a
259,v0.15.1,faaba3ac0a649a68c0b8f8c4f202e1fa5ab82de0
260,v0.15.0,dac2a888fbd4a1fbff50efe3d6600ce2ed0bb95b
261,v0.14.4,b95f9f6e178e2d3a3e9c0d0d3c6b490c1971ae53
262,v0.14.3,73783e16693119288e12750a0aaa43fec17fcf2a
263,v0.14.2,f7185b42cf2ae557d31950920bb5cb68207687fe
264,v0.14.1,6d9bab91671a06bef04060df3d29961f25579bae
265,v0.14.0,956e775a4e9373daec82d8a81e7b0c1dba9c877e
266,v0.13.1,c1c28e84d026b1e506294f5fb557e3a9b14af5bc
267,v0.13.0,7ec6e00b6f382f4a3be0c39d59b3e5ec1a369173
268,v0.12.1,5c2e4d6ec2792159ddffcd03cd919c1348574fd1
269,v0.12.0,27ee6359333bfa43e70b4c07d9dd356dd9dccdfb
270,v0.11.0,67c205722d56ab64e0f265b3767e24315bfd2031
271,v0.10.0,153523cf7daf1c366cb4793edf8994793e8a7cf3
272,v0.9.0,2cded30f4c3983f82071f1b560921b3a3a749aad
273,v0.8.0,5be8ef9fd234becaf4f8a9b041a4c020e36ad38c
274,v0.7.1,bb3a3785f35905f2fae2e6770cef1a914297364f
275,v0.7.0,797cb66dbeb57098fdab0ec34dc0958ff2a05640
276,v0.6.0,9549b9c2d3cd4151a03bacebea13b96b19478291
277,v0.5.1,79e1df14e0a4223bdfdf9ac53f533b6ee9e272ba
278,v0.5.0,f4f26d2118b1bc6f0d895ba990ede22b02e731b4
279,v0.4.0,b3337c312765e51cec7bde5883bbc0a08f56fb65
